{"name":"Qure Color (Area)","icons":[{"name":"Africa_Map.png","url":"https://raw.githubusercontent.com/Koolson/Qure/master/IconSet/Color/Africa_Map.png"},{"name":"America_Map.png","url":"https://raw.githubusercontent.com/Koolson/Qure/master/IconSet/Color/America_Map.png"},{"name":"Asia_Map.png","url":"https://raw.githubusercontent.com/Koolson/Qure/master/IconSet/Color/Asia_Map.png"},{"name":"AU.png","url":"https://raw.githubusercontent.com/Koolson/Qure/master/IconSet/Color/AU.png"},{"name":"Australia.png","url":"https://raw.githubusercontent.com/Koolson/Qure/master/IconSet/Color/Australia.png"},{"name":"BR.png","url":"https://raw.githubusercontent.com/Koolson/Qure/master/IconSet/Color/BR.png"},{"name":"Brazil.png","url":"https://raw.githubusercontent.com/Koolson/Qure/master/IconSet/Color/Brazil.png"},{"name":"CA.png","url":"https://raw.githubusercontent.com/Koolson/Qure/master/IconSet/Color/CA.png"},{"name":"Canada.png","url":"https://raw.githubusercontent.com/Koolson/Qure/master/IconSet/Color/Canada.png"},{"name":"China.png","url":"https://raw.githubusercontent.com/Koolson/Qure/master/IconSet/Color/China.png"},{"name":"China_Map.png","url":"https://raw.githubusercontent.com/Koolson/Qure/master/IconSet/Color/China_Map.png"},{"name":"CN.png","url":"https://raw.githubusercontent.com/Koolson/Qure/master/IconSet/Color/CN.png"},{"name":"DE.png","url":"https://raw.githubusercontent.com/Koolson/Qure/master/IconSet/Color/DE.png"},{"name":"EG.png","url":"https://raw.githubusercontent.com/Koolson/Qure/master/IconSet/Color/EG.png"},{"name":"Egypt.png","url":"https://raw.githubusercontent.com/Koolson/Qure/master/IconSet/Color/Egypt.png"},{"name":"EU.png","url":"https://raw.githubusercontent.com/Koolson/Qure/master/IconSet/Color/EU.png"},{"name":"European_Union.png","url":"https://raw.githubusercontent.com/Koolson/Qure/master/IconSet/Color/European_Union.png"},{"name":"Europe_Map.png","url":"https://raw.githubusercontent.com/Koolson/Qure/master/IconSet/Color/Europe_Map.png"},{"name":"FI.png","url":"https://raw.githubusercontent.com/Koolson/Qure/master/IconSet/Color/FI.png"},{"name":"Finland.png","url":"https://raw.githubusercontent.com/Koolson/Qure/master/IconSet/Color/Finland.png"},{"name":"FR.png","url":"https://raw.githubusercontent.com/Koolson/Qure/master/IconSet/Color/FR.png"},{"name":"France.png","url":"https://raw.githubusercontent.com/Koolson/Qure/master/IconSet/Color/France.png"},{"name":"Germany.png","url":"https://raw.githubusercontent.com/Koolson/Qure/master/IconSet/Color/Germany.png"},{"name":"HK.png","url":"https://raw.githubusercontent.com/Koolson/Qure/master/IconSet/Color/HK.png"},{"name":"Hong_Kong.png","url":"https://raw.githubusercontent.com/Koolson/Qure/master/IconSet/Color/Hong_Kong.png"},{"name":"IN.png","url":"https://raw.githubusercontent.com/Koolson/Qure/master/IconSet/Color/IN.png"},{"name":"India.png","url":"https://raw.githubusercontent.com/Koolson/Qure/master/IconSet/Color/India.png"},{"name":"Japan.png","url":"https://raw.githubusercontent.com/Koolson/Qure/master/IconSet/Color/Japan.png"},{"name":"JP.png","url":"https://raw.githubusercontent.com/Koolson/Qure/master/IconSet/Color/JP.png"},{"name":"Korea.png","url":"https://raw.githubusercontent.com/Koolson/Qure/master/IconSet/Color/Korea.png"},{"name":"KR.png","url":"https://raw.githubusercontent.com/Koolson/Qure/master/IconSet/Color/KR.png"},{"name":"Macao.png","url":"https://raw.githubusercontent.com/Koolson/Qure/master/IconSet/Color/Macao.png"},{"name":"Malaysia.png","url":"https://raw.githubusercontent.com/Koolson/Qure/master/IconSet/Color/Malaysia.png"},{"name":"MO.png","url":"https://raw.githubusercontent.com/Koolson/Qure/master/IconSet/Color/MO.png"},{"name":"MY.png","url":"https://raw.githubusercontent.com/Koolson/Qure/master/IconSet/Color/MY.png"},{"name":"Null_Nation.png","url":"https://raw.githubusercontent.com/Koolson/Qure/master/IconSet/Color/Null_Nation.png"},{"name":"Oceania_Map.png","url":"https://raw.githubusercontent.com/Koolson/Qure/master/IconSet/Color/Oceania_Map.png"},{"name":"PH.png","url":"https://raw.githubusercontent.com/Koolson/Qure/master/IconSet/Color/PH.png"},{"name":"Philippines.png","url":"https://raw.githubusercontent.com/Koolson/Qure/master/IconSet/Color/Philippines.png"},{"name":"RU.png","url":"https://raw.githubusercontent.com/Koolson/Qure/master/IconSet/Color/RU.png"},{"name":"Russia.png","url":"https://raw.githubusercontent.com/Koolson/Qure/master/IconSet/Color/Russia.png"},{"name":"SG.png","url":"https://raw.githubusercontent.com/Koolson/Qure/master/IconSet/Color/SG.png"},{"name":"Singapore.png","url":"https://raw.githubusercontent.com/Koolson/Qure/master/IconSet/Color/Singapore.png"},{"name":"TH.png","url":"https://raw.githubusercontent.com/Koolson/Qure/master/IconSet/Color/TH.png"},{"name":"Thailand.png","url":"https://raw.githubusercontent.com/Koolson/Qure/master/IconSet/Color/Thailand.png"},{"name":"TR.png","url":"https://raw.githubusercontent.com/Koolson/Qure/master/IconSet/Color/TR.png"},{"name":"Turkey.png","url":"https://raw.githubusercontent.com/Koolson/Qure/master/IconSet/Color/Turkey.png"},{"name":"TW.png","url":"https://raw.githubusercontent.com/Koolson/Qure/master/IconSet/Color/TW.png"},{"name":"UK.png","url":"https://raw.githubusercontent.com/Koolson/Qure/master/IconSet/Color/UK.png"},{"name":"UN.png","url":"https://raw.githubusercontent.com/Koolson/Qure/master/IconSet/Color/UN.png"},{"name":"United_Kingdom.png","url":"https://raw.githubusercontent.com/Koolson/Qure/master/IconSet/Color/United_Kingdom.png"},{"name":"United_Nations.png","url":"https://raw.githubusercontent.com/Koolson/Qure/master/IconSet/Color/United_Nations.png"},{"name":"United_States.png","url":"https://raw.githubusercontent.com/Koolson/Qure/master/IconSet/Color/United_States.png"},{"name":"United_States_Map.png","url":"https://raw.githubusercontent.com/Koolson/Qure/master/IconSet/Color/United_States_Map.png"},{"name":"US.png","url":"https://raw.githubusercontent.com/Koolson/Qure/master/IconSet/Color/US.png"},{"name":"World_Map.png","url":"https://raw.githubusercontent.com/Koolson/Qure/master/IconSet/Color/World_Map.png"}],"description":"Qure Color (Area) 是 Qure 项目下的彩色主题的「地区」图标集 @Koolson"}