{"name":"Qure Color (Default)","icons":[{"name":"Available.png","url":"https://raw.githubusercontent.com/Koolson/Qure/master/IconSet/Color/Available.png"},{"name":"Available_1.png","url":"https://raw.githubusercontent.com/Koolson/Qure/master/IconSet/Color/Available_1.png"},{"name":"Direct.png","url":"https://raw.githubusercontent.com/Koolson/Qure/master/IconSet/Color/Direct.png"},{"name":"Proxy.png","url":"https://raw.githubusercontent.com/Koolson/Qure/master/IconSet/Color/Proxy.png"},{"name":"Quantumult_X.png","url":"https://raw.githubusercontent.com/Koolson/Qure/master/IconSet/Color/Quantumult_X.png"},{"name":"Qure.png","url":"https://raw.githubusercontent.com/Koolson/Qure/master/IconSet/Color/Qure.png"},{"name":"Reject.png","url":"https://raw.githubusercontent.com/Koolson/Qure/master/IconSet/Color/Reject.png"},{"name":"Round_Robin.png","url":"https://raw.githubusercontent.com/Koolson/Qure/master/IconSet/Color/Round_Robin.png"},{"name":"Round_Robin_1.png","url":"https://raw.githubusercontent.com/Koolson/Qure/master/IconSet/Color/Round_Robin_1.png"},{"name":"SSID.png","url":"https://raw.githubusercontent.com/Koolson/Qure/master/IconSet/Color/SSID.png"},{"name":"SSID_1.png","url":"https://raw.githubusercontent.com/Koolson/Qure/master/IconSet/Color/SSID_1.png"},{"name":"Static.png","url":"https://raw.githubusercontent.com/Koolson/Qure/master/IconSet/Color/Static.png"},{"name":"Static_1.png","url":"https://raw.githubusercontent.com/Koolson/Qure/master/IconSet/Color/Static_1.png"},{"name":"ULB.png","url":"https://raw.githubusercontent.com/Koolson/Qure/master/IconSet/Color/ULB.png"},{"name":"ULB_1.png","url":"https://raw.githubusercontent.com/Koolson/Qure/master/IconSet/Color/ULB_1.png"}],"description":"Qure Color (Default) 是 Qure 项目下的彩色主题的「默认」图标集 @Koolson"}