{"name":"Qure Color (App/Game)","icons":[{"name":"Apple_Fitness.png","url":"https://raw.githubusercontent.com/Koolson/Qure/master/IconSet/Color/Apple_Fitness.png"},{"name":"Apple_News.png","url":"https://raw.githubusercontent.com/Koolson/Qure/master/IconSet/Color/Apple_News.png"},{"name":"App_Store.png","url":"https://raw.githubusercontent.com/Koolson/Qure/master/IconSet/Color/App_Store.png"},{"name":"Clubhouse.png","url":"https://raw.githubusercontent.com/Koolson/Qure/master/IconSet/Color/Clubhouse.png"},{"name":"Clubhouse_1.png","url":"https://raw.githubusercontent.com/Koolson/Qure/master/IconSet/Color/Clubhouse_1.png"},{"name":"Clubhouse_2.png","url":"https://raw.githubusercontent.com/Koolson/Qure/master/IconSet/Color/Clubhouse_2.png"},{"name":"Cydia.png","url":"https://raw.githubusercontent.com/Koolson/Qure/master/IconSet/Color/Cydia.png"},{"name":"Discord.png","url":"https://raw.githubusercontent.com/Koolson/Qure/master/IconSet/Color/Discord.png"},{"name":"Emby.png","url":"https://raw.githubusercontent.com/Koolson/Qure/master/IconSet/Color/Emby.png"},{"name":"Facebook.png","url":"https://raw.githubusercontent.com/Koolson/Qure/master/IconSet/Color/Facebook.png"},{"name":"Find_My.png","url":"https://raw.githubusercontent.com/Koolson/Qure/master/IconSet/Color/Find_My.png"},{"name":"GitHub.png","url":"https://raw.githubusercontent.com/Koolson/Qure/master/IconSet/Color/GitHub.png"},{"name":"GitHub_Letter.png","url":"https://raw.githubusercontent.com/Koolson/Qure/master/IconSet/Color/GitHub_Letter.png"},{"name":"Google_Drive.png","url":"https://raw.githubusercontent.com/Koolson/Qure/master/IconSet/Color/Google_Drive.png"},{"name":"Google_Opinion_Rewards.png","url":"https://raw.githubusercontent.com/Koolson/Qure/master/IconSet/Color/Google_Opinion_Rewards.png"},{"name":"Google_Search.png","url":"https://raw.githubusercontent.com/Koolson/Qure/master/IconSet/Color/Google_Search.png"},{"name":"Infuse.png","url":"https://raw.githubusercontent.com/Koolson/Qure/master/IconSet/Color/Infuse.png"},{"name":"Infuse_7.png","url":"https://raw.githubusercontent.com/Koolson/Qure/master/IconSet/Color/Infuse_7.png"},{"name":"Ingress.png","url":"https://raw.githubusercontent.com/Koolson/Qure/master/IconSet/Color/Ingress.png"},{"name":"Instagram.png","url":"https://raw.githubusercontent.com/Koolson/Qure/master/IconSet/Color/Instagram.png"},{"name":"League_of_Legends.png","url":"https://raw.githubusercontent.com/Koolson/Qure/master/IconSet/Color/League_of_Legends.png"},{"name":"Line.png","url":"https://raw.githubusercontent.com/Koolson/Qure/master/IconSet/Color/Line.png"},{"name":"LOL.png","url":"https://raw.githubusercontent.com/Koolson/Qure/master/IconSet/Color/LOL.png"},{"name":"NBA.png","url":"https://raw.githubusercontent.com/Koolson/Qure/master/IconSet/Color/NBA.png"},{"name":"Notion.png","url":"https://raw.githubusercontent.com/Koolson/Qure/master/IconSet/Color/Notion.png"},{"name":"OneDrive.png","url":"https://raw.githubusercontent.com/Koolson/Qure/master/IconSet/Color/OneDrive.png"},{"name":"PayPal.png","url":"https://raw.githubusercontent.com/Koolson/Qure/master/IconSet/Color/PayPal.png"},{"name":"PostBox.png","url":"https://raw.githubusercontent.com/Koolson/Qure/master/IconSet/Color/PostBox.png"},{"name":"PostBox_1.png","url":"https://raw.githubusercontent.com/Koolson/Qure/master/IconSet/Color/PostBox_1.png"},{"name":"QQ.png","url":"https://raw.githubusercontent.com/Koolson/Qure/master/IconSet/Color/QQ.png"},{"name":"Spark.png","url":"https://raw.githubusercontent.com/Koolson/Qure/master/IconSet/Color/Spark.png"},{"name":"Speedtest.png","url":"https://raw.githubusercontent.com/Koolson/Qure/master/IconSet/Color/Speedtest.png"},{"name":"Steam.png","url":"https://raw.githubusercontent.com/Koolson/Qure/master/IconSet/Color/Steam.png"},{"name":"Taobao.png","url":"https://raw.githubusercontent.com/Koolson/Qure/master/IconSet/Color/Taobao.png"},{"name":"Telegram.png","url":"https://raw.githubusercontent.com/Koolson/Qure/master/IconSet/Color/Telegram.png"},{"name":"Telegram_X.png","url":"https://raw.githubusercontent.com/Koolson/Qure/master/IconSet/Color/Telegram_X.png"},{"name":"TestFlight.png","url":"https://raw.githubusercontent.com/Koolson/Qure/master/IconSet/Color/TestFlight.png"},{"name":"TestFlight_1.png","url":"https://raw.githubusercontent.com/Koolson/Qure/master/IconSet/Color/TestFlight_1.png"},{"name":"TestFlight_2.png","url":"https://raw.githubusercontent.com/Koolson/Qure/master/IconSet/Color/TestFlight_2.png"},{"name":"Twitter.png","url":"https://raw.githubusercontent.com/Koolson/Qure/master/IconSet/Color/Twitter.png"},{"name":"WeChat.png","url":"https://raw.githubusercontent.com/Koolson/Qure/master/IconSet/Color/WeChat.png"}],"description":"Qure Color (App/Game) 是 Qure 项目下的彩色主题的「应用与游戏」图标集 @Koolson"}