{"name":"Qure mini","icons":[{"name":"Direct.png","url":"https://raw.githubusercontent.com/Koolson/Qure/master/IconSet/mini/Direct.png"},{"name":"Proxy.png","url":"https://raw.githubusercontent.com/Koolson/Qure/master/IconSet/mini/Proxy.png"},{"name":"Reject.png","url":"https://raw.githubusercontent.com/Koolson/Qure/master/IconSet/mini/Reject.png"},{"name":"Auto.png","url":"https://raw.githubusercontent.com/Koolson/Qure/master/IconSet/mini/Auto.png"},{"name":"Static.png","url":"https://raw.githubusercontent.com/Koolson/Qure/master/IconSet/mini/Static.png"},{"name":"Available.png","url":"https://raw.githubusercontent.com/Koolson/Qure/master/IconSet/mini/Available.png"},{"name":"Round_Robin.png","url":"https://raw.githubusercontent.com/Koolson/Qure/master/IconSet/mini/Round_Robin.png"},{"name":"SSID.png","url":"https://raw.githubusercontent.com/Koolson/Qure/master/IconSet/mini/SSID.png"},{"name":"ULB.png","url":"https://raw.githubusercontent.com/Koolson/Qure/master/IconSet/mini/ULB.png"},{"name":"Quantumult_X.png","url":"https://raw.githubusercontent.com/Koolson/Qure/master/IconSet/mini/Quantumult_X.png"},{"name":"Qure.png","url":"https://raw.githubusercontent.com/Koolson/Qure/master/IconSet/mini/Qure.png"},{"name":"Domestic.png","url":"https://raw.githubusercontent.com/Koolson/Qure/master/IconSet/mini/Domestic.png"},{"name":"HKMTMedia.png","url":"https://raw.githubusercontent.com/Koolson/Qure/master/IconSet/mini/HKMTMedia.png"},{"name":"StreamingSE.png","url":"https://raw.githubusercontent.com/Koolson/Qure/master/IconSet/mini/StreamingSE.png"},{"name":"Back.png","url":"https://raw.githubusercontent.com/Koolson/Qure/master/IconSet/mini/Back.png"},{"name":"Global.png","url":"https://raw.githubusercontent.com/Koolson/Qure/master/IconSet/mini/Global.png"},{"name":"GlobalMedia.png","url":"https://raw.githubusercontent.com/Koolson/Qure/master/IconSet/mini/GlobalMedia.png"},{"name":"Streaming.png","url":"https://raw.githubusercontent.com/Koolson/Qure/master/IconSet/mini/Streaming.png"},{"name":"Final.png","url":"https://raw.githubusercontent.com/Koolson/Qure/master/IconSet/mini/Final.png"},{"name":"Advertising.png","url":"https://raw.githubusercontent.com/Koolson/Qure/master/IconSet/mini/Advertising.png"},{"name":"AdBlack.png","url":"https://raw.githubusercontent.com/Koolson/Qure/master/IconSet/mini/AdBlack.png"},{"name":"AdWhite.png","url":"https://raw.githubusercontent.com/Koolson/Qure/master/IconSet/mini/AdWhite.png"},{"name":"Hijacking.png","url":"https://raw.githubusercontent.com/Koolson/Qure/master/IconSet/mini/Hijacking.png"},{"name":"OneDrive.png","url":"https://raw.githubusercontent.com/Koolson/Qure/master/IconSet/mini/OneDrive.png"},{"name":"Telegram.png","url":"https://raw.githubusercontent.com/Koolson/Qure/master/IconSet/mini/Telegram.png"},{"name":"Frog.png","url":"https://raw.githubusercontent.com/Koolson/Qure/master/IconSet/mini/Frog.png"},{"name":"Blackhole.png","url":"https://raw.githubusercontent.com/Koolson/Qure/master/IconSet/mini/Blackhole.png"},{"name":"TAG.png","url":"https://raw.githubusercontent.com/Koolson/Qure/master/IconSet/mini/TAG.png"},{"name":"Bamboo.png","url":"https://raw.githubusercontent.com/Koolson/Qure/master/IconSet/mini/Bamboo.png"},{"name":"Cat.png","url":"https://raw.githubusercontent.com/Koolson/Qure/master/IconSet/mini/Cat.png"},{"name":"Lambda.png","url":"https://raw.githubusercontent.com/Koolson/Qure/master/IconSet/mini/Lambda.png"},{"name":"Panda.png","url":"https://raw.githubusercontent.com/Koolson/Qure/master/IconSet/mini/Panda.png"},{"name":"SSL.png","url":"https://raw.githubusercontent.com/Koolson/Qure/master/IconSet/mini/SSL.png"},{"name":"Luffy.png","url":"https://raw.githubusercontent.com/Koolson/Qure/master/IconSet/mini/Luffy.png"},{"name":"Nfcloud.png","url":"https://raw.githubusercontent.com/Koolson/Qure/master/IconSet/mini/Nfcloud.png"},{"name":"Catnet.png","url":"https://raw.githubusercontent.com/Koolson/Qure/master/IconSet/mini/Catnet.png"},{"name":"5iTV.png","url":"https://raw.githubusercontent.com/Koolson/Qure/master/IconSet/mini/5iTV.png"},{"name":"aaex.png","url":"https://raw.githubusercontent.com/Koolson/Qure/master/IconSet/mini/aaex.png"},{"name":"AbemaTV.png","url":"https://raw.githubusercontent.com/Koolson/Qure/master/IconSet/mini/AbemaTV.png"},{"name":"AbemaTV_Letter.png","url":"https://raw.githubusercontent.com/Koolson/Qure/master/IconSet/mini/AbemaTV_Letter.png"},{"name":"AIA.png","url":"https://raw.githubusercontent.com/Koolson/Qure/master/IconSet/mini/AIA.png"},{"name":"AIA_Letter.png","url":"https://raw.githubusercontent.com/Koolson/Qure/master/IconSet/mini/AIA_Letter.png"},{"name":"Airport.png","url":"https://raw.githubusercontent.com/Koolson/Qure/master/IconSet/mini/Airport.png"},{"name":"Alibaba.png","url":"https://raw.githubusercontent.com/Koolson/Qure/master/IconSet/mini/Alibaba.png"},{"name":"Alibaba_Cloud.png","url":"https://raw.githubusercontent.com/Koolson/Qure/master/IconSet/mini/Alibaba_Cloud.png"},{"name":"All4.png","url":"https://raw.githubusercontent.com/Koolson/Qure/master/IconSet/mini/All4.png"},{"name":"AmyTelecom.png","url":"https://raw.githubusercontent.com/Koolson/Qure/master/IconSet/mini/AmyTelecom.png"},{"name":"AmyTelecom_1.png","url":"https://raw.githubusercontent.com/Koolson/Qure/master/IconSet/mini/AmyTelecom_1.png"},{"name":"Apol.png","url":"https://raw.githubusercontent.com/Koolson/Qure/master/IconSet/mini/Apol.png"},{"name":"Apple.png","url":"https://raw.githubusercontent.com/Koolson/Qure/master/IconSet/mini/Apple.png"},{"name":"Apple_Fitness+.png","url":"https://raw.githubusercontent.com/Koolson/Qure/master/IconSet/mini/Apple_Fitness+.png"},{"name":"Apple_Fitness.png","url":"https://raw.githubusercontent.com/Koolson/Qure/master/IconSet/mini/Apple_Fitness.png"},{"name":"Apple_Mail.png","url":"https://raw.githubusercontent.com/Koolson/Qure/master/IconSet/mini/Apple_Mail.png"},{"name":"Apple_Music.png","url":"https://raw.githubusercontent.com/Koolson/Qure/master/IconSet/mini/Apple_Music.png"},{"name":"Apple_News.png","url":"https://raw.githubusercontent.com/Koolson/Qure/master/IconSet/mini/Apple_News.png"},{"name":"Apple_TV.png","url":"https://raw.githubusercontent.com/Koolson/Qure/master/IconSet/mini/Apple_TV.png"},{"name":"Apple_TV_Plus.png","url":"https://raw.githubusercontent.com/Koolson/Qure/master/IconSet/mini/Apple_TV_Plus.png"},{"name":"Apple_Update.png","url":"https://raw.githubusercontent.com/Koolson/Qure/master/IconSet/mini/Apple_Update.png"},{"name":"App_Store.png","url":"https://raw.githubusercontent.com/Koolson/Qure/master/IconSet/mini/App_Store.png"},{"name":"Area.png","url":"https://raw.githubusercontent.com/Koolson/Qure/master/IconSet/mini/Area.png"},{"name":"ARK.png","url":"https://raw.githubusercontent.com/Koolson/Qure/master/IconSet/mini/ARK.png"},{"name":"Available_Alt.png","url":"https://raw.githubusercontent.com/Koolson/Qure/master/IconSet/mini/Available_Alt.png"},{"name":"AWS.png","url":"https://raw.githubusercontent.com/Koolson/Qure/master/IconSet/mini/AWS.png"},{"name":"Azure.png","url":"https://raw.githubusercontent.com/Koolson/Qure/master/IconSet/mini/Azure.png"},{"name":"Bahamut.png","url":"https://raw.githubusercontent.com/Koolson/Qure/master/IconSet/mini/Bahamut.png"},{"name":"Baidu_Cloud.png","url":"https://raw.githubusercontent.com/Koolson/Qure/master/IconSet/mini/Baidu_Cloud.png"},{"name":"BBC_iPlayer.png","url":"https://raw.githubusercontent.com/Koolson/Qure/master/IconSet/mini/BBC_iPlayer.png"},{"name":"BBTEC.png","url":"https://raw.githubusercontent.com/Koolson/Qure/master/IconSet/mini/BBTEC.png"},{"name":"BGP.png","url":"https://raw.githubusercontent.com/Koolson/Qure/master/IconSet/mini/BGP.png"},{"name":"bilibili.png","url":"https://raw.githubusercontent.com/Koolson/Qure/master/IconSet/mini/bilibili.png"},{"name":"Blinkload.png","url":"https://raw.githubusercontent.com/Koolson/Qure/master/IconSet/mini/Blinkload.png"},{"name":"Blinkload_B.png","url":"https://raw.githubusercontent.com/Koolson/Qure/master/IconSet/mini/Blinkload_B.png"},{"name":"Blinkload_SS.png","url":"https://raw.githubusercontent.com/Koolson/Qure/master/IconSet/mini/Blinkload_SS.png"},{"name":"Blinkload_V2Ray.png","url":"https://raw.githubusercontent.com/Koolson/Qure/master/IconSet/mini/Blinkload_V2Ray.png"},{"name":"Bookpedia.png","url":"https://raw.githubusercontent.com/Koolson/Qure/master/IconSet/mini/Bookpedia.png"},{"name":"BosLife.png","url":"https://raw.githubusercontent.com/Koolson/Qure/master/IconSet/mini/BosLife.png"},{"name":"BosLife_Letter.png","url":"https://raw.githubusercontent.com/Koolson/Qure/master/IconSet/mini/BosLife_Letter.png"},{"name":"Bot.png","url":"https://raw.githubusercontent.com/Koolson/Qure/master/IconSet/mini/Bot.png"},{"name":"Bypass.png","url":"https://raw.githubusercontent.com/Koolson/Qure/master/IconSet/mini/Bypass.png"},{"name":"CA.png","url":"https://raw.githubusercontent.com/Koolson/Qure/master/IconSet/mini/CA.png"},{"name":"Canada.png","url":"https://raw.githubusercontent.com/Koolson/Qure/master/IconSet/mini/Canada.png"},{"name":"CCCAT.png","url":"https://raw.githubusercontent.com/Koolson/Qure/master/IconSet/mini/CCCAT.png"},{"name":"CCCAT_C.png","url":"https://raw.githubusercontent.com/Koolson/Qure/master/IconSet/mini/CCCAT_C.png"},{"name":"Cellular.png","url":"https://raw.githubusercontent.com/Koolson/Qure/master/IconSet/mini/Cellular.png"},{"name":"CEN.png","url":"https://raw.githubusercontent.com/Koolson/Qure/master/IconSet/mini/CEN.png"},{"name":"China.png","url":"https://raw.githubusercontent.com/Koolson/Qure/master/IconSet/mini/China.png"},{"name":"China_Map.png","url":"https://raw.githubusercontent.com/Koolson/Qure/master/IconSet/mini/China_Map.png"},{"name":"China_Telecom.png","url":"https://raw.githubusercontent.com/Koolson/Qure/master/IconSet/mini/China_Telecom.png"},{"name":"China_Unicom.png","url":"https://raw.githubusercontent.com/Koolson/Qure/master/IconSet/mini/China_Unicom.png"},{"name":"CHT.png","url":"https://raw.githubusercontent.com/Koolson/Qure/master/IconSet/mini/CHT.png"},{"name":"Cloudflare.png","url":"https://raw.githubusercontent.com/Koolson/Qure/master/IconSet/mini/Cloudflare.png"},{"name":"CMI.png","url":"https://raw.githubusercontent.com/Koolson/Qure/master/IconSet/mini/CMI.png"},{"name":"CN.png","url":"https://raw.githubusercontent.com/Koolson/Qure/master/IconSet/mini/CN.png"},{"name":"CN2.png","url":"https://raw.githubusercontent.com/Koolson/Qure/master/IconSet/mini/CN2.png"},{"name":"CN2_GIA.png","url":"https://raw.githubusercontent.com/Koolson/Qure/master/IconSet/mini/CN2_GIA.png"},{"name":"CN2_GT.png","url":"https://raw.githubusercontent.com/Koolson/Qure/master/IconSet/mini/CN2_GT.png"},{"name":"CONAIR.png","url":"https://raw.githubusercontent.com/Koolson/Qure/master/IconSet/mini/CONAIR.png"},{"name":"CrossWall.png","url":"https://raw.githubusercontent.com/Koolson/Qure/master/IconSet/mini/CrossWall.png"},{"name":"CTM.png","url":"https://raw.githubusercontent.com/Koolson/Qure/master/IconSet/mini/CTM.png"},{"name":"Cydia.png","url":"https://raw.githubusercontent.com/Koolson/Qure/master/IconSet/mini/Cydia.png"},{"name":"Daily.png","url":"https://raw.githubusercontent.com/Koolson/Qure/master/IconSet/mini/Daily.png"},{"name":"DAZN.png","url":"https://raw.githubusercontent.com/Koolson/Qure/master/IconSet/mini/DAZN.png"},{"name":"DE.png","url":"https://raw.githubusercontent.com/Koolson/Qure/master/IconSet/mini/DE.png"},{"name":"deezer.png","url":"https://raw.githubusercontent.com/Koolson/Qure/master/IconSet/mini/deezer.png"},{"name":"deezer_Letter.png","url":"https://raw.githubusercontent.com/Koolson/Qure/master/IconSet/mini/deezer_Letter.png"},{"name":"Dinosaur.png","url":"https://raw.githubusercontent.com/Koolson/Qure/master/IconSet/mini/Dinosaur.png"},{"name":"discovery+.png","url":"https://raw.githubusercontent.com/Koolson/Qure/master/IconSet/mini/discovery+.png"},{"name":"Disney+.png","url":"https://raw.githubusercontent.com/Koolson/Qure/master/IconSet/mini/Disney+.png"},{"name":"Dler.png","url":"https://raw.githubusercontent.com/Koolson/Qure/master/IconSet/mini/Dler.png"},{"name":"DMIT.png","url":"https://raw.githubusercontent.com/Koolson/Qure/master/IconSet/mini/DMIT.png"},{"name":"DomesticMedia.png","url":"https://raw.githubusercontent.com/Koolson/Qure/master/IconSet/mini/DomesticMedia.png"},{"name":"Download.png","url":"https://raw.githubusercontent.com/Koolson/Qure/master/IconSet/mini/Download.png"},{"name":"Drill.png","url":"https://raw.githubusercontent.com/Koolson/Qure/master/IconSet/mini/Drill.png"},{"name":"Emby.png","url":"https://raw.githubusercontent.com/Koolson/Qure/master/IconSet/mini/Emby.png"},{"name":"encoreTVB.png","url":"https://raw.githubusercontent.com/Koolson/Qure/master/IconSet/mini/encoreTVB.png"},{"name":"ESPN+.png","url":"https://raw.githubusercontent.com/Koolson/Qure/master/IconSet/mini/ESPN+.png"},{"name":"EU.png","url":"https://raw.githubusercontent.com/Koolson/Qure/master/IconSet/mini/EU.png"},{"name":"European_Union.png","url":"https://raw.githubusercontent.com/Koolson/Qure/master/IconSet/mini/European_Union.png"},{"name":"Facebook.png","url":"https://raw.githubusercontent.com/Koolson/Qure/master/IconSet/mini/Facebook.png"},{"name":"FI.png","url":"https://raw.githubusercontent.com/Koolson/Qure/master/IconSet/mini/FI.png"},{"name":"Filter.png","url":"https://raw.githubusercontent.com/Koolson/Qure/master/IconSet/mini/Filter.png"},{"name":"Find_My.png","url":"https://raw.githubusercontent.com/Koolson/Qure/master/IconSet/mini/Find_My.png"},{"name":"Flamingo.png","url":"https://raw.githubusercontent.com/Koolson/Qure/master/IconSet/mini/Flamingo.png"},{"name":"ForeignMedia.png","url":"https://raw.githubusercontent.com/Koolson/Qure/master/IconSet/mini/ForeignMedia.png"},{"name":"FOX.png","url":"https://raw.githubusercontent.com/Koolson/Qure/master/IconSet/mini/FOX.png"},{"name":"friDay.png","url":"https://raw.githubusercontent.com/Koolson/Qure/master/IconSet/mini/friDay.png"},{"name":"fuboTV.png","url":"https://raw.githubusercontent.com/Koolson/Qure/master/IconSet/mini/fuboTV.png"},{"name":"G-Core_Labs.png","url":"https://raw.githubusercontent.com/Koolson/Qure/master/IconSet/mini/G-Core_Labs.png"},{"name":"Game.png","url":"https://raw.githubusercontent.com/Koolson/Qure/master/IconSet/mini/Game.png"},{"name":"GCP.png","url":"https://raw.githubusercontent.com/Koolson/Qure/master/IconSet/mini/GCP.png"},{"name":"Germany.png","url":"https://raw.githubusercontent.com/Koolson/Qure/master/IconSet/mini/Germany.png"},{"name":"GIA.png","url":"https://raw.githubusercontent.com/Koolson/Qure/master/IconSet/mini/GIA.png"},{"name":"GLaDOS.png","url":"https://raw.githubusercontent.com/Koolson/Qure/master/IconSet/mini/GLaDOS.png"},{"name":"Google.png","url":"https://raw.githubusercontent.com/Koolson/Qure/master/IconSet/mini/Google.png"},{"name":"Google_Drive.png","url":"https://raw.githubusercontent.com/Koolson/Qure/master/IconSet/mini/Google_Drive.png"},{"name":"Google_Opinion_Rewards.png","url":"https://raw.githubusercontent.com/Koolson/Qure/master/IconSet/mini/Google_Opinion_Rewards.png"},{"name":"Google_Search.png","url":"https://raw.githubusercontent.com/Koolson/Qure/master/IconSet/mini/Google_Search.png"},{"name":"GT.png","url":"https://raw.githubusercontent.com/Koolson/Qure/master/IconSet/mini/GT.png"},{"name":"GuGuEX.png","url":"https://raw.githubusercontent.com/Koolson/Qure/master/IconSet/mini/GuGuEX.png"},{"name":"GuGuEX_Letter.png","url":"https://raw.githubusercontent.com/Koolson/Qure/master/IconSet/mini/GuGuEX_Letter.png"},{"name":"HBO.png","url":"https://raw.githubusercontent.com/Koolson/Qure/master/IconSet/mini/HBO.png"},{"name":"HBO_Max.png","url":"https://raw.githubusercontent.com/Koolson/Qure/master/IconSet/mini/HBO_Max.png"},{"name":"Heart.png","url":"https://raw.githubusercontent.com/Koolson/Qure/master/IconSet/mini/Heart.png"},{"name":"Heureka.png","url":"https://raw.githubusercontent.com/Koolson/Qure/master/IconSet/mini/Heureka.png"},{"name":"HGC.png","url":"https://raw.githubusercontent.com/Koolson/Qure/master/IconSet/mini/HGC.png"},{"name":"HiNet.png","url":"https://raw.githubusercontent.com/Koolson/Qure/master/IconSet/mini/HiNet.png"},{"name":"hitun.png","url":"https://raw.githubusercontent.com/Koolson/Qure/master/IconSet/mini/hitun.png"},{"name":"HK.png","url":"https://raw.githubusercontent.com/Koolson/Qure/master/IconSet/mini/HK.png"},{"name":"HKBN.png","url":"https://raw.githubusercontent.com/Koolson/Qure/master/IconSet/mini/HKBN.png"},{"name":"HKT.png","url":"https://raw.githubusercontent.com/Koolson/Qure/master/IconSet/mini/HKT.png"},{"name":"Hong_Kong.png","url":"https://raw.githubusercontent.com/Koolson/Qure/master/IconSet/mini/Hong_Kong.png"},{"name":"Hulu.png","url":"https://raw.githubusercontent.com/Koolson/Qure/master/IconSet/mini/Hulu.png"},{"name":"iCloud.png","url":"https://raw.githubusercontent.com/Koolson/Qure/master/IconSet/mini/iCloud.png"},{"name":"IEPL.png","url":"https://raw.githubusercontent.com/Koolson/Qure/master/IconSet/mini/IEPL.png"},{"name":"IIJ.png","url":"https://raw.githubusercontent.com/Koolson/Qure/master/IconSet/mini/IIJ.png"},{"name":"IN.png","url":"https://raw.githubusercontent.com/Koolson/Qure/master/IconSet/mini/IN.png"},{"name":"Ingress.png","url":"https://raw.githubusercontent.com/Koolson/Qure/master/IconSet/mini/Ingress.png"},{"name":"Instagram.png","url":"https://raw.githubusercontent.com/Koolson/Qure/master/IconSet/mini/Instagram.png"},{"name":"IPLC.png","url":"https://raw.githubusercontent.com/Koolson/Qure/master/IconSet/mini/IPLC.png"},{"name":"iQIYI&bilibili.png","url":"https://raw.githubusercontent.com/Koolson/Qure/master/IconSet/mini/iQIYI&bilibili.png"},{"name":"iQIYI.png","url":"https://raw.githubusercontent.com/Koolson/Qure/master/IconSet/mini/iQIYI.png"},{"name":"ITV_Hub.png","url":"https://raw.githubusercontent.com/Koolson/Qure/master/IconSet/mini/ITV_Hub.png"},{"name":"Japan.png","url":"https://raw.githubusercontent.com/Koolson/Qure/master/IconSet/mini/Japan.png"},{"name":"JIYOU.png","url":"https://raw.githubusercontent.com/Koolson/Qure/master/IconSet/mini/JIYOU.png"},{"name":"JOOX.png","url":"https://raw.githubusercontent.com/Koolson/Qure/master/IconSet/mini/JOOX.png"},{"name":"JOOX_Letter.png","url":"https://raw.githubusercontent.com/Koolson/Qure/master/IconSet/mini/JOOX_Letter.png"},{"name":"JP.png","url":"https://raw.githubusercontent.com/Koolson/Qure/master/IconSet/mini/JP.png"},{"name":"KKBOX.png","url":"https://raw.githubusercontent.com/Koolson/Qure/master/IconSet/mini/KKBOX.png"},{"name":"KKTV.png","url":"https://raw.githubusercontent.com/Koolson/Qure/master/IconSet/mini/KKTV.png"},{"name":"Korea.png","url":"https://raw.githubusercontent.com/Koolson/Qure/master/IconSet/mini/Korea.png"},{"name":"KR.png","url":"https://raw.githubusercontent.com/Koolson/Qure/master/IconSet/mini/KR.png"},{"name":"KT.png","url":"https://raw.githubusercontent.com/Koolson/Qure/master/IconSet/mini/KT.png"},{"name":"Lab.png","url":"https://raw.githubusercontent.com/Koolson/Qure/master/IconSet/mini/Lab.png"},{"name":"League_of_Legends.png","url":"https://raw.githubusercontent.com/Koolson/Qure/master/IconSet/mini/League_of_Legends.png"},{"name":"LineTV.png","url":"https://raw.githubusercontent.com/Koolson/Qure/master/IconSet/mini/LineTV.png"},{"name":"LineTV_Letter.png","url":"https://raw.githubusercontent.com/Koolson/Qure/master/IconSet/mini/LineTV_Letter.png"},{"name":"LiTV.png","url":"https://raw.githubusercontent.com/Koolson/Qure/master/IconSet/mini/LiTV.png"},{"name":"Lock.png","url":"https://raw.githubusercontent.com/Koolson/Qure/master/IconSet/mini/Lock.png"},{"name":"LOL.png","url":"https://raw.githubusercontent.com/Koolson/Qure/master/IconSet/mini/LOL.png"},{"name":"Loop.png","url":"https://raw.githubusercontent.com/Koolson/Qure/master/IconSet/mini/Loop.png"},{"name":"Macao.png","url":"https://raw.githubusercontent.com/Koolson/Qure/master/IconSet/mini/Macao.png"},{"name":"Magic.png","url":"https://raw.githubusercontent.com/Koolson/Qure/master/IconSet/mini/Magic.png"},{"name":"Mail.png","url":"https://raw.githubusercontent.com/Koolson/Qure/master/IconSet/mini/Mail.png"},{"name":"Malaysia.png","url":"https://raw.githubusercontent.com/Koolson/Qure/master/IconSet/mini/Malaysia.png"},{"name":"MAYING.png","url":"https://raw.githubusercontent.com/Koolson/Qure/master/IconSet/mini/MAYING.png"},{"name":"Media.png","url":"https://raw.githubusercontent.com/Koolson/Qure/master/IconSet/mini/Media.png"},{"name":"Microsoft.png","url":"https://raw.githubusercontent.com/Koolson/Qure/master/IconSet/mini/Microsoft.png"},{"name":"MO.png","url":"https://raw.githubusercontent.com/Koolson/Qure/master/IconSet/mini/MO.png"},{"name":"Mouse.png","url":"https://raw.githubusercontent.com/Koolson/Qure/master/IconSet/mini/Mouse.png"},{"name":"Music.png","url":"https://raw.githubusercontent.com/Koolson/Qure/master/IconSet/mini/Music.png"},{"name":"Music_Enhance.png","url":"https://raw.githubusercontent.com/Koolson/Qure/master/IconSet/mini/Music_Enhance.png"},{"name":"MY.png","url":"https://raw.githubusercontent.com/Koolson/Qure/master/IconSet/mini/MY.png"},{"name":"My5.png","url":"https://raw.githubusercontent.com/Koolson/Qure/master/IconSet/mini/My5.png"},{"name":"myTV_SUPER.png","url":"https://raw.githubusercontent.com/Koolson/Qure/master/IconSet/mini/myTV_SUPER.png"},{"name":"N3RO.png","url":"https://raw.githubusercontent.com/Koolson/Qure/master/IconSet/mini/N3RO.png"},{"name":"NBC.png","url":"https://raw.githubusercontent.com/Koolson/Qure/master/IconSet/mini/NBC.png"},{"name":"Netease_Music.png","url":"https://raw.githubusercontent.com/Koolson/Qure/master/IconSet/mini/Netease_Music.png"},{"name":"Netease_Music_Unlock.png","url":"https://raw.githubusercontent.com/Koolson/Qure/master/IconSet/mini/Netease_Music_Unlock.png"},{"name":"Netflix.png","url":"https://raw.githubusercontent.com/Koolson/Qure/master/IconSet/mini/Netflix.png"},{"name":"Netflix_Letter.png","url":"https://raw.githubusercontent.com/Koolson/Qure/master/IconSet/mini/Netflix_Letter.png"},{"name":"Nexitally.png","url":"https://raw.githubusercontent.com/Koolson/Qure/master/IconSet/mini/Nexitally.png"},{"name":"niconico.png","url":"https://raw.githubusercontent.com/Koolson/Qure/master/IconSet/mini/niconico.png"},{"name":"niconico_Letter.png","url":"https://raw.githubusercontent.com/Koolson/Qure/master/IconSet/mini/niconico_Letter.png"},{"name":"Notion.png","url":"https://raw.githubusercontent.com/Koolson/Qure/master/IconSet/mini/Notion.png"},{"name":"NTT.png","url":"https://raw.githubusercontent.com/Koolson/Qure/master/IconSet/mini/NTT.png"},{"name":"Null_Nation.png","url":"https://raw.githubusercontent.com/Koolson/Qure/master/IconSet/mini/Null_Nation.png"},{"name":"NyanCat.png","url":"https://raw.githubusercontent.com/Koolson/Qure/master/IconSet/mini/NyanCat.png"},{"name":"Oracle.png","url":"https://raw.githubusercontent.com/Koolson/Qure/master/IconSet/mini/Oracle.png"},{"name":"Ox.png","url":"https://raw.githubusercontent.com/Koolson/Qure/master/IconSet/mini/Ox.png"},{"name":"Pandora.png","url":"https://raw.githubusercontent.com/Koolson/Qure/master/IconSet/mini/Pandora.png"},{"name":"PayPal.png","url":"https://raw.githubusercontent.com/Koolson/Qure/master/IconSet/mini/PayPal.png"},{"name":"PBS.png","url":"https://raw.githubusercontent.com/Koolson/Qure/master/IconSet/mini/PBS.png"},{"name":"PCCW.png","url":"https://raw.githubusercontent.com/Koolson/Qure/master/IconSet/mini/PCCW.png"},{"name":"Peacock.png","url":"https://raw.githubusercontent.com/Koolson/Qure/master/IconSet/mini/Peacock.png"},{"name":"Peacock_Letter.png","url":"https://raw.githubusercontent.com/Koolson/Qure/master/IconSet/mini/Peacock_Letter.png"},{"name":"Peacock_P.png","url":"https://raw.githubusercontent.com/Koolson/Qure/master/IconSet/mini/Peacock_P.png"},{"name":"PH.png","url":"https://raw.githubusercontent.com/Koolson/Qure/master/IconSet/mini/PH.png"},{"name":"Philippines.png","url":"https://raw.githubusercontent.com/Koolson/Qure/master/IconSet/mini/Philippines.png"},{"name":"Pig.png","url":"https://raw.githubusercontent.com/Koolson/Qure/master/IconSet/mini/Pig.png"},{"name":"Pornhub.png","url":"https://raw.githubusercontent.com/Koolson/Qure/master/IconSet/mini/Pornhub.png"},{"name":"PostBox.png","url":"https://raw.githubusercontent.com/Koolson/Qure/master/IconSet/mini/PostBox.png"},{"name":"PostBox_Alt.png","url":"https://raw.githubusercontent.com/Koolson/Qure/master/IconSet/mini/PostBox_Alt.png"},{"name":"Prime_Video.png","url":"https://raw.githubusercontent.com/Koolson/Qure/master/IconSet/mini/Prime_Video.png"},{"name":"Puzzle.png","url":"https://raw.githubusercontent.com/Koolson/Qure/master/IconSet/mini/Puzzle.png"},{"name":"QQ.png","url":"https://raw.githubusercontent.com/Koolson/Qure/master/IconSet/mini/QQ.png"},{"name":"rix.png","url":"https://raw.githubusercontent.com/Koolson/Qure/master/IconSet/mini/rix.png"},{"name":"rixcloud.png","url":"https://raw.githubusercontent.com/Koolson/Qure/master/IconSet/mini/rixcloud.png"},{"name":"Rocket.png","url":"https://raw.githubusercontent.com/Koolson/Qure/master/IconSet/mini/Rocket.png"},{"name":"Round_Robin_Alt.png","url":"https://raw.githubusercontent.com/Koolson/Qure/master/IconSet/mini/Round_Robin_Alt.png"},{"name":"RU.png","url":"https://raw.githubusercontent.com/Koolson/Qure/master/IconSet/mini/RU.png"},{"name":"Russia.png","url":"https://raw.githubusercontent.com/Koolson/Qure/master/IconSet/mini/Russia.png"},{"name":"Server.png","url":"https://raw.githubusercontent.com/Koolson/Qure/master/IconSet/mini/Server.png"},{"name":"SG.png","url":"https://raw.githubusercontent.com/Koolson/Qure/master/IconSet/mini/SG.png"},{"name":"Singapore.png","url":"https://raw.githubusercontent.com/Koolson/Qure/master/IconSet/mini/Singapore.png"},{"name":"Siri.png","url":"https://raw.githubusercontent.com/Koolson/Qure/master/IconSet/mini/Siri.png"},{"name":"SK.png","url":"https://raw.githubusercontent.com/Koolson/Qure/master/IconSet/mini/SK.png"},{"name":"Sling_TV.png","url":"https://raw.githubusercontent.com/Koolson/Qure/master/IconSet/mini/Sling_TV.png"},{"name":"SoftBank.png","url":"https://raw.githubusercontent.com/Koolson/Qure/master/IconSet/mini/SoftBank.png"},{"name":"SoftBank_Letter.png","url":"https://raw.githubusercontent.com/Koolson/Qure/master/IconSet/mini/SoftBank_Letter.png"},{"name":"Spark.png","url":"https://raw.githubusercontent.com/Koolson/Qure/master/IconSet/mini/Spark.png"},{"name":"Speedtest.png","url":"https://raw.githubusercontent.com/Koolson/Qure/master/IconSet/mini/Speedtest.png"},{"name":"Spotify.png","url":"https://raw.githubusercontent.com/Koolson/Qure/master/IconSet/mini/Spotify.png"},{"name":"SS.png","url":"https://raw.githubusercontent.com/Koolson/Qure/master/IconSet/mini/SS.png"},{"name":"SSID_Alt.png","url":"https://raw.githubusercontent.com/Koolson/Qure/master/IconSet/mini/SSID_Alt.png"},{"name":"SSR.png","url":"https://raw.githubusercontent.com/Koolson/Qure/master/IconSet/mini/SSR.png"},{"name":"ssrcloud.png","url":"https://raw.githubusercontent.com/Koolson/Qure/master/IconSet/mini/ssrcloud.png"},{"name":"SSR_Letter.png","url":"https://raw.githubusercontent.com/Koolson/Qure/master/IconSet/mini/SSR_Letter.png"},{"name":"SS_Letter.png","url":"https://raw.githubusercontent.com/Koolson/Qure/master/IconSet/mini/SS_Letter.png"},{"name":"Stack.png","url":"https://raw.githubusercontent.com/Koolson/Qure/master/IconSet/mini/Stack.png"},{"name":"Star.png","url":"https://raw.githubusercontent.com/Koolson/Qure/master/IconSet/mini/Star.png"},{"name":"Static_Alt.png","url":"https://raw.githubusercontent.com/Koolson/Qure/master/IconSet/mini/Static_Alt.png"},{"name":"StreamingCN.png","url":"https://raw.githubusercontent.com/Koolson/Qure/master/IconSet/mini/StreamingCN.png"},{"name":"Taiwan.png","url":"https://raw.githubusercontent.com/Koolson/Qure/master/IconSet/mini/Taiwan.png"},{"name":"Taobao.png","url":"https://raw.githubusercontent.com/Koolson/Qure/master/IconSet/mini/Taobao.png"},{"name":"Telegram_X.png","url":"https://raw.githubusercontent.com/Koolson/Qure/master/IconSet/mini/Telegram_X.png"},{"name":"Tencent_Cloud.png","url":"https://raw.githubusercontent.com/Koolson/Qure/master/IconSet/mini/Tencent_Cloud.png"},{"name":"TestFlight.png","url":"https://raw.githubusercontent.com/Koolson/Qure/master/IconSet/mini/TestFlight.png"},{"name":"TH.png","url":"https://raw.githubusercontent.com/Koolson/Qure/master/IconSet/mini/TH.png"},{"name":"Thailand.png","url":"https://raw.githubusercontent.com/Koolson/Qure/master/IconSet/mini/Thailand.png"},{"name":"TIDAL.png","url":"https://raw.githubusercontent.com/Koolson/Qure/master/IconSet/mini/TIDAL.png"},{"name":"TikTok.png","url":"https://raw.githubusercontent.com/Koolson/Qure/master/IconSet/mini/TikTok.png"},{"name":"TR.png","url":"https://raw.githubusercontent.com/Koolson/Qure/master/IconSet/mini/TR.png"},{"name":"Trojan.png","url":"https://raw.githubusercontent.com/Koolson/Qure/master/IconSet/mini/Trojan.png"},{"name":"Trojan_Letter.png","url":"https://raw.githubusercontent.com/Koolson/Qure/master/IconSet/mini/Trojan_Letter.png"},{"name":"Turkey.png","url":"https://raw.githubusercontent.com/Koolson/Qure/master/IconSet/mini/Turkey.png"},{"name":"TVB.png","url":"https://raw.githubusercontent.com/Koolson/Qure/master/IconSet/mini/TVB.png"},{"name":"TW.png","url":"https://raw.githubusercontent.com/Koolson/Qure/master/IconSet/mini/TW.png"},{"name":"VMess_Letter.png","url":"https://raw.githubusercontent.com/Koolson/Qure/master/IconSet/mini/VMess_Letter.png"},{"name":"w8ves.png","url":"https://raw.githubusercontent.com/Koolson/Qure/master/IconSet/mini/w8ves.png"},{"name":"w8ves_Letter.png","url":"https://raw.githubusercontent.com/Koolson/Qure/master/IconSet/mini/w8ves_Letter.png"},{"name":"Want_Want.png","url":"https://raw.githubusercontent.com/Koolson/Qure/master/IconSet/mini/Want_Want.png"},{"name":"Want_Want_Letter.png","url":"https://raw.githubusercontent.com/Koolson/Qure/master/IconSet/mini/Want_Want_Letter.png"},{"name":"WeChat.png","url":"https://raw.githubusercontent.com/Koolson/Qure/master/IconSet/mini/WeChat.png"},{"name":"WeTV.png","url":"https://raw.githubusercontent.com/Koolson/Qure/master/IconSet/mini/WeTV.png"},{"name":"WeTV_Letter.png","url":"https://raw.githubusercontent.com/Koolson/Qure/master/IconSet/mini/WeTV_Letter.png"},{"name":"WiFi.png","url":"https://raw.githubusercontent.com/Koolson/Qure/master/IconSet/mini/WiFi.png"},{"name":"Windows.png","url":"https://raw.githubusercontent.com/Koolson/Qure/master/IconSet/mini/Windows.png"},{"name":"WTT.png","url":"https://raw.githubusercontent.com/Koolson/Qure/master/IconSet/mini/WTT.png"},{"name":"x0.1.png","url":"https://raw.githubusercontent.com/Koolson/Qure/master/IconSet/mini/x0.1.png"},{"name":"x0.2.png","url":"https://raw.githubusercontent.com/Koolson/Qure/master/IconSet/mini/x0.2.png"},{"name":"x0.3.png","url":"https://raw.githubusercontent.com/Koolson/Qure/master/IconSet/mini/x0.3.png"},{"name":"x0.4.png","url":"https://raw.githubusercontent.com/Koolson/Qure/master/IconSet/mini/x0.4.png"},{"name":"x0.5.png","url":"https://raw.githubusercontent.com/Koolson/Qure/master/IconSet/mini/x0.5.png"},{"name":"x0.7.png","url":"https://raw.githubusercontent.com/Koolson/Qure/master/IconSet/mini/x0.7.png"},{"name":"x0.png","url":"https://raw.githubusercontent.com/Koolson/Qure/master/IconSet/mini/x0.png"},{"name":"x1.0.png","url":"https://raw.githubusercontent.com/Koolson/Qure/master/IconSet/mini/x1.0.png"},{"name":"x1.png","url":"https://raw.githubusercontent.com/Koolson/Qure/master/IconSet/mini/x1.png"},{"name":"x2.0.png","url":"https://raw.githubusercontent.com/Koolson/Qure/master/IconSet/mini/x2.0.png"},{"name":"x2.png","url":"https://raw.githubusercontent.com/Koolson/Qure/master/IconSet/mini/x2.png"},{"name":"x3.0.png","url":"https://raw.githubusercontent.com/Koolson/Qure/master/IconSet/mini/x3.0.png"},{"name":"x3.png","url":"https://raw.githubusercontent.com/Koolson/Qure/master/IconSet/mini/x3.png"},{"name":"x4.0.png","url":"https://raw.githubusercontent.com/Koolson/Qure/master/IconSet/mini/x4.0.png"},{"name":"x5.0.png","url":"https://raw.githubusercontent.com/Koolson/Qure/master/IconSet/mini/x5.0.png"},{"name":"YoYu.png","url":"https://raw.githubusercontent.com/Koolson/Qure/master/IconSet/mini/YoYu.png"},{"name":"YoYu_Letter.png","url":"https://raw.githubusercontent.com/Koolson/Qure/master/IconSet/mini/YoYu_Letter.png"},{"name":"YTOO.png","url":"https://raw.githubusercontent.com/Koolson/Qure/master/IconSet/mini/YTOO.png"},{"name":"YTOO_Letter.png","url":"https://raw.githubusercontent.com/Koolson/Qure/master/IconSet/mini/YTOO_Letter.png"},{"name":"Yahoo.png","url":"https://raw.githubusercontent.com/Koolson/Qure/master/IconSet/mini/Yahoo.png"},{"name":"Yahoo_Letter.png","url":"https://raw.githubusercontent.com/Koolson/Qure/master/IconSet/mini/Yahoo_Letter.png"},{"name":"YouTube.png","url":"https://raw.githubusercontent.com/Koolson/Qure/master/IconSet/mini/YouTube.png"},{"name":"YouTube_Letter.png","url":"https://raw.githubusercontent.com/Koolson/Qure/master/IconSet/mini/YouTube_Letter.png"},{"name":"YouTube_Music.png","url":"https://raw.githubusercontent.com/Koolson/Qure/master/IconSet/mini/YouTube_Music.png"},{"name":"Twitch.png","url":"https://raw.githubusercontent.com/Koolson/Qure/master/IconSet/mini/Twitch.png"},{"name":"Twitter.png","url":"https://raw.githubusercontent.com/Koolson/Qure/master/IconSet/mini/Twitter.png"},{"name":"UK.png","url":"https://raw.githubusercontent.com/Koolson/Qure/master/IconSet/mini/UK.png"},{"name":"ULB_Alt.png","url":"https://raw.githubusercontent.com/Koolson/Qure/master/IconSet/mini/ULB_Alt.png"},{"name":"UN.png","url":"https://raw.githubusercontent.com/Koolson/Qure/master/IconSet/mini/UN.png"},{"name":"United_Kingdom.png","url":"https://raw.githubusercontent.com/Koolson/Qure/master/IconSet/mini/United_Kingdom.png"},{"name":"United_Nations.png","url":"https://raw.githubusercontent.com/Koolson/Qure/master/IconSet/mini/United_Nations.png"},{"name":"United_States.png","url":"https://raw.githubusercontent.com/Koolson/Qure/master/IconSet/mini/United_States.png"},{"name":"United_States_Map.png","url":"https://raw.githubusercontent.com/Koolson/Qure/master/IconSet/mini/United_States_Map.png"},{"name":"Unlock.png","url":"https://raw.githubusercontent.com/Koolson/Qure/master/IconSet/mini/Unlock.png"},{"name":"US.png","url":"https://raw.githubusercontent.com/Koolson/Qure/master/IconSet/mini/US.png"},{"name":"Vimeo.png","url":"https://raw.githubusercontent.com/Koolson/Qure/master/IconSet/mini/Vimeo.png"},{"name":"VIP.png","url":"https://raw.githubusercontent.com/Koolson/Qure/master/IconSet/mini/VIP.png"},{"name":"VirMach.png","url":"https://raw.githubusercontent.com/Koolson/Qure/master/IconSet/mini/VirMach.png"},{"name":"VirMach_Letter.png","url":"https://raw.githubusercontent.com/Koolson/Qure/master/IconSet/mini/VirMach_Letter.png"},{"name":"ViuTV.png","url":"https://raw.githubusercontent.com/Koolson/Qure/master/IconSet/mini/ViuTV.png"},{"name":"VMess.png","url":"https://raw.githubusercontent.com/Koolson/Qure/master/IconSet/mini/VMess.png"},{"name":"Rainbow.png","url":"https://raw.githubusercontent.com/Koolson/Qure/master/IconSet/mini/Rainbow.png"},{"name":"Rainbow_1.png","url":"https://raw.githubusercontent.com/Koolson/Qure/master/IconSet/mini/Rainbow_1.png"},{"name":"LA.png","url":"https://raw.githubusercontent.com/Koolson/Qure/master/IconSet/mini/LA.png"},{"name":"LA_Map.png","url":"https://raw.githubusercontent.com/Koolson/Qure/master/IconSet/mini/LA_Map.png"},{"name":"Star_2.png","url":"https://raw.githubusercontent.com/Koolson/Qure/master/IconSet/mini/Star_2.png"},{"name":"Linkedin.png","url":"https://raw.githubusercontent.com/Koolson/Qure/master/IconSet/mini/Linkedin.png"},{"name":"ssLinks.png","url":"https://raw.githubusercontent.com/Koolson/Qure/master/IconSet/mini/ssLinks.png"},{"name":"Renzhe.png","url":"https://raw.githubusercontent.com/Koolson/Qure/master/IconSet/mini/Renzhe.png"},{"name":"Ninja.png","url":"https://raw.githubusercontent.com/Koolson/Qure/master/IconSet/mini/Ninja.png"},{"name":"Pirate_Nation.png","url":"https://raw.githubusercontent.com/Koolson/Qure/master/IconSet/mini/Pirate_Nation.png"},{"name":"CreamData.png","url":"https://raw.githubusercontent.com/Koolson/Qure/master/IconSet/mini/CreamData.png"},{"name":"Kakao.png","url":"https://raw.githubusercontent.com/Koolson/Qure/master/IconSet/mini/Kakao.png"},{"name":"Weibo.png","url":"https://raw.githubusercontent.com/Koolson/Qure/master/IconSet/mini/Weibo.png"},{"name":"Ryan.png","url":"https://raw.githubusercontent.com/Koolson/Qure/master/IconSet/mini/Ryan.png"},{"name":"Apeach.png","url":"https://raw.githubusercontent.com/Koolson/Qure/master/IconSet/mini/Apeach.png"},{"name":"Brown.png","url":"https://raw.githubusercontent.com/Koolson/Qure/master/IconSet/mini/Brown.png"},{"name":"iQIYI_1.png","url":"https://raw.githubusercontent.com/Koolson/Qure/master/IconSet/mini/iQIYI_1.png"},{"name":"Ring.png","url":"https://raw.githubusercontent.com/Koolson/Qure/master/IconSet/mini/Ring.png"},{"name":"Fries.png","url":"https://raw.githubusercontent.com/Koolson/Qure/master/IconSet/mini/Fries.png"},{"name":"Naiko.png","url":"https://raw.githubusercontent.com/Koolson/Qure/master/IconSet/mini/Naiko.png"},{"name":"Gmail.png","url":"https://raw.githubusercontent.com/Koolson/Qure/master/IconSet/mini/Gmail.png"},{"name":"Nintendo.png","url":"https://raw.githubusercontent.com/Koolson/Qure/master/IconSet/mini/Nintendo.png"},{"name":"PlayStation.png","url":"https://raw.githubusercontent.com/Koolson/Qure/master/IconSet/mini/PlayStation.png"},{"name":"PlayStation_1.png","url":"https://raw.githubusercontent.com/Koolson/Qure/master/IconSet/mini/PlayStation_1.png"},{"name":"Xbox.png","url":"https://raw.githubusercontent.com/Koolson/Qure/master/IconSet/mini/Xbox.png"},{"name":"Epic_Games.png","url":"https://raw.githubusercontent.com/Koolson/Qure/master/IconSet/mini/Epic_Games.png"},{"name":"Argentina.png","url":"https://raw.githubusercontent.com/Koolson/Qure/master/IconSet/mini/Argentina.png"},{"name":"AR.png","url":"https://raw.githubusercontent.com/Koolson/Qure/master/IconSet/mini/AR.png"}],"description":"Qure mini 是 Qure 项目下的迷你透明主题的图标集 @Koolson"}