{"name":"Qure Color (Other)","icons":[{"name":"Frog.png","url":"https://raw.githubusercontent.com/Koolson/Qure/master/IconSet/Color/Frog.png"},{"name":"Blackhole.png","url":"https://raw.githubusercontent.com/Koolson/Qure/master/IconSet/Color/Blackhole.png"},{"name":"Bamboo.png","url":"https://raw.githubusercontent.com/Koolson/Qure/master/IconSet/Color/Bamboo.png"},{"name":"Cat.png","url":"https://raw.githubusercontent.com/Koolson/Qure/master/IconSet/Color/Cat.png"},{"name":"Lambda.png","url":"https://raw.githubusercontent.com/Koolson/Qure/master/IconSet/Color/Lambda.png"},{"name":"Panda.png","url":"https://raw.githubusercontent.com/Koolson/Qure/master/IconSet/Color/Panda.png"},{"name":"SSL.png","url":"https://raw.githubusercontent.com/Koolson/Qure/master/IconSet/Color/SSL.png"},{"name":"Airport.png","url":"https://raw.githubusercontent.com/Koolson/Qure/master/IconSet/Color/Airport.png"},{"name":"Area.png","url":"https://raw.githubusercontent.com/Koolson/Qure/master/IconSet/Color/Area.png"},{"name":"Bookpedia.png","url":"https://raw.githubusercontent.com/Koolson/Qure/master/IconSet/Color/Bookpedia.png"},{"name":"Bot.png","url":"https://raw.githubusercontent.com/Koolson/Qure/master/IconSet/Color/Bot.png"},{"name":"Bypass.png","url":"https://raw.githubusercontent.com/Koolson/Qure/master/IconSet/Color/Bypass.png"},{"name":"Cellular.png","url":"https://raw.githubusercontent.com/Koolson/Qure/master/IconSet/Color/Cellular.png"},{"name":"Cryptocurrency.png","url":"https://raw.githubusercontent.com/Koolson/Qure/master/IconSet/Color/Cryptocurrency.png"},{"name":"Cryptocurrency_1.png","url":"https://raw.githubusercontent.com/Koolson/Qure/master/IconSet/Color/Cryptocurrency_1.png"},{"name":"Cryptocurrency_2.png","url":"https://raw.githubusercontent.com/Koolson/Qure/master/IconSet/Color/Cryptocurrency_2.png"},{"name":"Cryptocurrency_3.png","url":"https://raw.githubusercontent.com/Koolson/Qure/master/IconSet/Color/Cryptocurrency_3.png"},{"name":"Daily.png","url":"https://raw.githubusercontent.com/Koolson/Qure/master/IconSet/Color/Daily.png"},{"name":"Dinosaur.png","url":"https://raw.githubusercontent.com/Koolson/Qure/master/IconSet/Color/Dinosaur.png"},{"name":"Download.png","url":"https://raw.githubusercontent.com/Koolson/Qure/master/IconSet/Color/Download.png"},{"name":"Drill.png","url":"https://raw.githubusercontent.com/Koolson/Qure/master/IconSet/Color/Drill.png"},{"name":"Filter.png","url":"https://raw.githubusercontent.com/Koolson/Qure/master/IconSet/Color/Filter.png"},{"name":"Flamingo.png","url":"https://raw.githubusercontent.com/Koolson/Qure/master/IconSet/Color/Flamingo.png"},{"name":"Game.png","url":"https://raw.githubusercontent.com/Koolson/Qure/master/IconSet/Color/Game.png"},{"name":"Heart.png","url":"https://raw.githubusercontent.com/Koolson/Qure/master/IconSet/Color/Heart.png"},{"name":"Lab.png","url":"https://raw.githubusercontent.com/Koolson/Qure/master/IconSet/Color/Lab.png"},{"name":"Lock.png","url":"https://raw.githubusercontent.com/Koolson/Qure/master/IconSet/Color/Lock.png"},{"name":"Loop.png","url":"https://raw.githubusercontent.com/Koolson/Qure/master/IconSet/Color/Loop.png"},{"name":"Magic.png","url":"https://raw.githubusercontent.com/Koolson/Qure/master/IconSet/Color/Magic.png"},{"name":"Mail.png","url":"https://raw.githubusercontent.com/Koolson/Qure/master/IconSet/Color/Mail.png"},{"name":"Media.png","url":"https://raw.githubusercontent.com/Koolson/Qure/master/IconSet/Color/Media.png"},{"name":"Mickey.png","url":"https://raw.githubusercontent.com/Koolson/Qure/master/IconSet/Color/Mickey.png"},{"name":"Mouse.png","url":"https://raw.githubusercontent.com/Koolson/Qure/master/IconSet/Color/Mouse.png"},{"name":"Music_Enhance.png","url":"https://raw.githubusercontent.com/Koolson/Qure/master/IconSet/Color/Music_Enhance.png"},{"name":"Ox.png","url":"https://raw.githubusercontent.com/Koolson/Qure/master/IconSet/Color/Ox.png"},{"name":"Pig.png","url":"https://raw.githubusercontent.com/Koolson/Qure/master/IconSet/Color/Pig.png"},{"name":"Puzzle.png","url":"https://raw.githubusercontent.com/Koolson/Qure/master/IconSet/Color/Puzzle.png"},{"name":"Rocket.png","url":"https://raw.githubusercontent.com/Koolson/Qure/master/IconSet/Color/Rocket.png"},{"name":"Scholar.png","url":"https://raw.githubusercontent.com/Koolson/Qure/master/IconSet/Color/Scholar.png"},{"name":"Server.png","url":"https://raw.githubusercontent.com/Koolson/Qure/master/IconSet/Color/Server.png"},{"name":"Stack.png","url":"https://raw.githubusercontent.com/Koolson/Qure/master/IconSet/Color/Stack.png"},{"name":"Star.png","url":"https://raw.githubusercontent.com/Koolson/Qure/master/IconSet/Color/Star.png"},{"name":"Unlock.png","url":"https://raw.githubusercontent.com/Koolson/Qure/master/IconSet/Color/Unlock.png"},{"name":"VIP.png","url":"https://raw.githubusercontent.com/Koolson/Qure/master/IconSet/Color/VIP.png"},{"name":"Want_Want.png","url":"https://raw.githubusercontent.com/Koolson/Qure/master/IconSet/Color/Want_Want.png"},{"name":"Want_Want_1.png","url":"https://raw.githubusercontent.com/Koolson/Qure/master/IconSet/Color/Want_Want_1.png"},{"name":"WiFi.png","url":"https://raw.githubusercontent.com/Koolson/Qure/master/IconSet/Color/WiFi.png"}],"description":"Qure Color (Other) 是 Qure 项目下的彩色主题的「其它」图标集 @Koolson"}