{"name":"Qure Color (Server)","icons":[{"name":"AGA.png","url":"https://raw.githubusercontent.com/Koolson/Qure/master/IconSet/Color/AGA.png"},{"name":"HC.png","url":"https://raw.githubusercontent.com/Koolson/Qure/master/IconSet/Color/HC.png"},{"name":"AIA.png","url":"https://raw.githubusercontent.com/Koolson/Qure/master/IconSet/Color/AIA.png"},{"name":"Azure.png","url":"https://raw.githubusercontent.com/Koolson/Qure/master/IconSet/Color/Azure.png"},{"name":"BGP.png","url":"https://raw.githubusercontent.com/Koolson/Qure/master/IconSet/Color/BGP.png"},{"name":"CC.png","url":"https://raw.githubusercontent.com/Koolson/Qure/master/IconSet/Color/CC.png"},{"name":"GIA.png","url":"https://raw.githubusercontent.com/Koolson/Qure/master/IconSet/Color/GIA.png"},{"name":"IEPL.png","url":"https://raw.githubusercontent.com/Koolson/Qure/master/IconSet/Color/IEPL.png"},{"name":"IPLC.png","url":"https://raw.githubusercontent.com/Koolson/Qure/master/IconSet/Color/IPLC.png"}],"description":"Qure Color (Server) 是 Qure 项目下的彩色主题的「服务器」图标集 @Koolson"}